{"Median":310,"Samples":[[[0,0],1,121592730],[[0.001373291,-0.001373291],2,84820900],[[0.001373291,0],3,81807896],[[0,-0.001373291],4,71884840],[[0,0.001373291],5,57915560],[[-0.001373291,0],6,56473176],[[-0.001373291,0.001373291],7,48851620],[[0.001373291,0.001373291],8,38755492],[[0.001373291,-0.002746582],9,38314310],[[0.002746582,-0.001373291],10,34672910],[[0,-0.002746582],11,32786132],[[-0.001373291,-0.001373291],13,30768060],[[0.002746582,-0.002746582],14,28826176],[[0.002746582,0.001373291],15,26182658],[[-0.001373291,-0.002746582],16,24682992],[[25.032106,121.5184],17,21420646],[[51.546333,7.6808167],18,16395104],[[51.546333,7.6794434],20,14715481],[[51.545483,7.6808167],22,11996403],[[50.074768,14.464874],25,11333934],[[51.546333,7.68219],27,10766590],[[0.001373291,-0.004119873],30,10382608],[[0.002746582,0.002746582],33,9549920],[[-0.004119873,0],36,9142597],[[19.52873,-96.92413],40,8956077],[[0.004119873,0],44,8640245],[[-0.002746582,-0.001373291],47,8023004],[[-0.002746582,0.004119873],52,7626265],[[50.07565,14.464874],57,7337498],[[0.005493164,-0.001373291],61,6810178.5],[[0.004119873,0.002746582],67,6525102.5],[[0,-0.005493164],70,6011349],[[0.004119873,-0.005493164],77,5766096],[[0.004119873,0.004119873],81,5406668.5],[[51.5395,5.0756836],83,5010855],[[-0.004119873,-0.005493164],88,4565410.5],[[85.05101,-179.99863],93,4284228.5],[[-34.606083,-58.385468],100,4067253],[[-0.001373291,0.005493164],111,4005584.8],[[51.55829,5.0894165],118,3769844.5],[[51.921402,4.4714355],130,3668682],[[-34.608345,-58.38684],143,3567332.2],[[-0.002746582,0.005493164],156,3432154.2],[[52.399906,13.009186],171,3319989.8],[[52.399906,13.013306],188,3237937.8],[[0.008239746,-0.005493164],206,3129986.5],[[-0.008239746,0.001373291],222,2968525.8],[[-34.604954,-58.3786],244,2876234.5],[[0.010986328,-0.002746582],266,2767993],[[51.897682,4.520874],285,2619676],[[-34.603825,-58.379974],312,2538572.2],[[52.40242,13.009186],340,2436205.2],[[48.766148,11.435394],372,2353572],[[51.50618,-0.089263916],400,2220245.5],[[50.856243,5.6881714],433,2121615],[[13.774066,100.571594],473,2049034.2],[[50.45051,30.52002],506,1938157.2],[[51.984035,5.903778],541,1827873],[[51.547188,7.6794434],573,1717052.2],[[48.137684,11.574097],608,1616286.9],[[48.140434,11.576843],645,1518829],[[48.64652,1.6548157],685,1425530.1],[[49.558178,25.594025],740,1357288.9],[[48.082664,2.1340942],803,1295868.5],[[50.45051,30.52414],857,1222974.1],[[-85.05077,-179.99863],925,1165670.4],[[-37.814125,144.96048],997,1107737.4],[[49.560852,25.615997],1068,1047174.7],[[49.54749,25.632477],1157,1000292.9],[[52.079506,4.309387],1259,960425.3],[[-24.794214,-65.411224],1368,921430.4],[[0,0.01373291],1493,888564],[[-24.781748,-65.4126],1635,861219.5],[[-26.821619,-65.20935],1786,831369.1],[[-7.0041265,110.42908],1944,798632.8],[[49.55729,25.602264],2121,769996.75],[[52.154556,5.3874207],2319,744726.9],[[35.70526,51.414642],2544,723638],[[14.554342,-90.74158],2783,700436.2],[[-26.830198,-65.19974],3048,679222.4],[[59.938503,30.359344],3342,659696.2],[[44.843212,-0.57266235],3666,641228.06],[[48.10468,20.790253],4019,622697.56],[[49.56976,25.640717],4401,603588.3],[[51.49934,-0.15792847],4807,582866.44],[[22.593725,88.39188],5252,563070.8],[[-26.842453,-65.20523],5738,543937.4],[[51.51216,-0.16204834],6248,523129.4],[[-26.837551,-65.19562],6803,503138.12],[[22.577242,88.38089],7405,483688.75],[[55.747986,37.621307],8027,462926.03],[[41.89921,12.472229],8701,442920.1],[[40.749336,-73.99155],9464,425471.25],[[14.849231,-91.52435],10319,409655.12],[[51.503613,-0.13046265],11228,393662.6],[[14.837284,-91.52298],12209,377982.6],[[42.313877,69.576416],13308,364023.78],[[48.851162,2.3716736],14484,349908.38],[[52.52625,13.397827],15764,336300.25],[[48.86652,2.3716736],17188,324009.75],[[41.910454,12.492828],18759,312585.34],[[51.518143,-0.10437012],20463,301354.84],[[52.52625,13.381348],22335,290755.78],[[43.317184,-1.9830322],24328,279780.28],[[-34.607216,-58.371735],26532,269642.2],[[48.879166,2.2988892],28892,259368.58],[[11.000512,-74.796295],31471,249578.7],[[48.8891,2.349701],34303,240363.86],[[-26.85593,-65.2121],37583,233239.92],[[4.6243353,-74.12201],41090,225579.12],[[48.150513,17.10434],44698,216727.03],[[42.33723,69.605255],48528,207761.22],[[50.45226,30.488434],52782,199575.95],[[-24.794214,-65.43869],57420,191757.73],[[40.742054,-73.97232],62439,184153.67],[[51.531815,-0.07965088],67982,177109.17],[[50.77555,6.0809326],73931,170104.45],[[58.615486,49.67331],80343,163241.2],[[35.640556,51.31714],87500,157053.1],[[52.509533,13.440399],95126,150782.14],[[58.574696,49.682922],103484,144873.98],[[47.486584,19.058533],112419,138975.56],[[56.942726,24.112244],122164,133363.56],[[4.713303,-74.116516],132640,127854.516],[[45.064793,7.67807],143989,122549.32],[[35.719757,51.458588],156372,117514.87],[[48.82766,2.27005],169735,112628.15],[[4.6859293,-74.15634],184058,107832.01],[[-0.17852755,-78.48358],199569,103229.016],[[41.917606,12.4557495],216370,98815.84],[[-12.025889,-77.01279],234511,94560.78],[[45.734943,21.242065],254084,90456.25],[[52.48947,13.456879],275539,86609.74],[[48.815002,2.4032593],298632,82877.11],[[48.879166,2.421112],323666,79305.586],[[45.0774,7.6602173],350814,75892.33],[[47.470806,19.064026],380281,72632.22],[[47.467094,19.081879],411893,69457.48],[[51.214626,6.7785645],445754,66365.84],[[40.705627,-73.95859],482218,63389.973],[[-0.15380841,-78.47122],521460,60523.945],[[48.767956,11.446381],563734,57772.984],[[52.518726,13.281097],609079,55117.617],[[52.534603,13.20282],657869,52567.438],[[52.633064,-1.1302185],710501,50132.812],[[51.194836,6.4352417],766964,47790.016],[[10.919618,-74.80179],827645,45540.996],[[10.930405,-74.792175],893156,43399.535],[[52.564663,13.348389],963965,41362.52],[[47.459667,19.055786],1039946,39407.492],[[40.65043,22.914734],1122973,37576.5],[[-0.2554313,-78.49869],1211782,35806.836],[[36.721275,-4.449463],1307544,34119.547],[[45.032772,7.6423645],1410922,32512.367],[[19.549437,-99.20105],1520856,30952.844],[[52.581356,13.395081],1636633,29428.031],[[19.470476,-99.08707],1759942,27961.195],[[19.460117,-99.23401],1891084,26551.43],[[19.487307,-99.20654],2029549,25190.729],[[19.356499,-99.02252],2177029,23889.334],[[52.551308,19.7081],2332462,22636.217],[[19.541672,-99.22577],2498785,21447.848],[[52.58803,13.334656],2676470,20319.254],[[1.3800241,103.74939],2865699,19244.797],[[52.56967,13.301697],3065297,18213.79],[[-29.160557,-51.18805],3277316,17233.059],[[19.615425,-99.01703],3504443,16306.211],[[19.400545,-99.2807],3745718,15425.046],[[19.419973,-99.23401],4002034,14588.766],[[19.438105,-99.236755],4275083,13795.989],[[52.643063,-1.1178589],4568841,13048.62],[[19.47695,-99.261475],4880996,12339.611],[[-15.619069,-56.068726],5215860,11671.178],[[19.63224,-99.03076],5572583,11036.825],[[52.659725,4.7927856],5953808,10436.566],[[19.619305,-99.0802],6356266,9864.628],[[19.456234,-70.69977],6785543,9323.86],[[52.646397,1.3046265],7242444,8812.273],[[19.50802,-96.870575],7728186,8325.596],[[-15.5648365,-56.0907],8243400,7864.9834],[[52.66639,6.729126],8792595,7428.893],[[52.641396,-1.0876465],9387692,7020.5312],[[19.621893,-99.31091],10122893,6685.501],[[52.511208,4.776306],10784429,6310.5864],[[19.466593,-70.6723],11489769,5957.0117],[[-15.559545,-56.060486],12234219,5621.7446],[[-29.176146,-51.14685],13035269,5306.6274],[[19.39925,-98.95935],13882010,5007.5713],[[19.33706,-99.695435],14788805,4726.206],[[-29.15216,-51.13861],15754324,4461.4473],[[-15.615102,-56.04126],16787005,4210.9634],[[19.451054,-98.96484],17889318,3975.4963],[[52.613056,-1.2030029],19059064,3753.0608],[[19.425154,-99.711914],20307222,3542.5044],[[-29.185738,-51.152344],21648324,3344.166],[[-15.419263,28.276062],23074822,3157.064],[[19.414793,-99.54712],24584261,2978.7546],[[51.618015,6.681061],26183426,2810.153],[[19.394068,-99.50867],27897255,2651.6772],[[-29.200123,-51.223755],29788248,2506.3018],[[19.383705,-98.88794],31728846,2363.752],[[-15.596584,-47.647705],33786830,2230.287],